Workbook

Sheet raw_result
A1: ประทับเวลา | B1: ความเจ็บปวดของอาการปวดหลัง ไหล่ บ่า (Office Syndrome) | C1: โดยปกติ ท่านรู้ตัวหรือไม่เมื่อนั่งในท่าที่ไม่ถูกต้อง | D1: หลังจากที่ได้ปรับเปลี่ยนพฤติกรรม/ใช้อุปกรณ์ ท่านรู้สึกว่าอาการปวดเมื่อยร่างกายเป็นอย่างไร? | E1: หลังจากใช้งานอุปกรณ์ ท่านรู้ตัวเมื่อนั่งผิดท่ามากขึ้นหรือไม่
A2: 46103.718 | B2: ปวดปานกลาง | C2: รู้ตัวบ้างเป็นบางครั้ง | D2: เท่าเดิม / เฉยๆ (ไม่เห็นความเปลี่ยนแปลง) | E2: รู้ตัวได้ทันทีเมื่อเริ่มนั่งผิดท่า
A3: 46103.72 | B3: ปวดปานกลาง | C3: ไม่รู้ตัวเลย | D3: ดีขึ้น (ปวดน้อยลง รู้สึกสบายตัวขึ้น) | E3: รู้ตัวได้ทันทีเมื่อเริ่มนั่งผิดท่า
A4: 46103.72 | B4: ปวดมาก | C4: รู้ตัวบ้างเป็นบางครั้ง | D4: เท่าเดิม / เฉยๆ (ไม่เห็นความเปลี่ยนแปลง) | E4: รู้ตัวได้ทันทีเมื่อเริ่มนั่งผิดท่า
A5: 46103.721 | B5: ปวดเล็กน้อย | C5: ไม่รู้ตัวเลย | D5: ดีขึ้น (ปวดน้อยลง รู้สึกสบายตัวขึ้น) | E5: รู้ตัวได้ทันทีเมื่อเริ่มนั่งผิดท่า
A6: 46103.789 | B6: ปวดเล็กน้อย | C6: รู้ตัวบ้างเป็นบางครั้ง | D6: ดีขึ้น (ปวดน้อยลง รู้สึกสบายตัวขึ้น) | E6: รู้ตัวได้ทันทีเมื่อเริ่มนั่งผิดท่า
A7: 46103.79 | B7: ปวดเล็กน้อย | C7: รู้ตัวบ้างเป็นบางครั้ง | D7: ดีขึ้น (ปวดน้อยลง รู้สึกสบายตัวขึ้น) | E7: รู้ตัวบ้างเป็นบางครั้ง
A8: 23/3/2026, 2:20:19 | B8: ปวดปานกลาง | C8: ไม่รู้ตัวเลย | D8: ดีขึ้น (ปวดน้อยลง รู้สึกสบายตัวขึ้น) | E8: รู้ตัวได้ทันทีเมื่อเริ่มนั่งผิดท่า
A9: 23/3/2026, 9:14:14 | B9: ปวดเล็กน้อย | C9: ไม่รู้ตัวเลย | D9: เท่าเดิม / เฉยๆ (ไม่เห็นความเปลี่ยนแปลง) | E9: รู้ตัวได้ทันทีเมื่อเริ่มนั่งผิดท่า
A10: 26/3/2026, 0:11:49 | B10: ปวดปานกลาง | C10: รู้ตัวได้ทันทีเมื่อเริ่มนั่งผิดท่า | D10: ดีขึ้น (ปวดน้อยลง รู้สึกสบายตัวขึ้น) | E10: รู้ตัวได้ทันทีเมื่อเริ่มนั่งผิดท่า
A11: 26/3/2026, 0:18:26 | B11: ปวดปานกลาง | C11: รู้ตัวบ้างเป็นบางครั้ง | D11: ดีขึ้น (ปวดน้อยลง รู้สึกสบายตัวขึ้น) | E11: รู้ตัวได้ทันทีเมื่อเริ่มนั่งผิดท่า
A12: 26/3/2026, 0:18:47 | B12: ปวดมาก | C12: รู้ตัวบ้างเป็นบางครั้ง | D12: ดีขึ้น (ปวดน้อยลง รู้สึกสบายตัวขึ้น) | E12: รู้ตัวได้ทันทีเมื่อเริ่มนั่งผิดท่า
A13: 27/3/2026, 1:53:57 | B13: ปวดปานกลาง | C13: ไม่รู้ตัวเลย | D13: ดีขึ้น (ปวดน้อยลง รู้สึกสบายตัวขึ้น) | E13: รู้ตัวบ้างเป็นบางครั้ง
A14: 27/3/2026, 1:54:29 | B14: ปวดเล็กน้อย | C14: ไม่รู้ตัวเลย | D14: เท่าเดิม / เฉยๆ (ไม่เห็นความเปลี่ยนแปลง) | E14: รู้ตัวบ้างเป็นบางครั้ง
A15: 27/3/2026, 2:18:17 | B15: ปวดเล็กน้อย | C15: ไม่รู้ตัวเลย | D15: ดีขึ้น (ปวดน้อยลง รู้สึกสบายตัวขึ้น) | E15: รู้ตัวได้ทันทีเมื่อเริ่มนั่งผิดท่า
A16: 27/3/2026, 11:23:14 | B16: ปวดมาก | C16: ไม่รู้ตัวเลย | D16: ดีขึ้น (ปวดน้อยลง รู้สึกสบายตัวขึ้น) | E16: รู้ตัวได้ทันทีเมื่อเริ่มนั่งผิดท่า
A17: 27/3/2026, 14:06:49 | B17: ปวดปานกลาง | C17: รู้ตัวบ้างเป็นบางครั้ง | D17: ดีขึ้น (ปวดน้อยลง รู้สึกสบายตัวขึ้น) | E17: รู้ตัวได้ทันทีเมื่อเริ่มนั่งผิดท่า
A18: 27/3/2026, 14:07:25 | B18: ปวดปานกลาง | C18: รู้ตัวบ้างเป็นบางครั้ง | D18: ดีขึ้น (ปวดน้อยลง รู้สึกสบายตัวขึ้น) | E18: รู้ตัวได้ทันทีเมื่อเริ่มนั่งผิดท่า
A19: 27/3/2026, 19:30:21 | B19: ปวดปานกลาง | C19: ไม่รู้ตัวเลย | D19: เท่าเดิม / เฉยๆ (ไม่เห็นความเปลี่ยนแปลง) | E19: รู้ตัวบ้างเป็นบางครั้ง
... A26: 30/3/2026, 21:12:40 | B26: ปวดปานกลาง | C26: ไม่รู้ตัวเลย | D26: ดีขึ้น (ปวดน้อยลง รู้สึกสบายตัวขึ้น) | E26: รู้ตัวบ้างเป็นบางครั้ง

Sheet graph
A1: Variable | B1: Pre Mean | C1: Post Mean | D1: t-value | E1: p-value
A2: Pain | B2: 1.88 | C2: 1.52 | D2: 2.3772174 | E2: 0.025760845
A3: Awareness | B3: 1.28 | C3: 2.68 | D3: -9.8994949 | E3: 5.9853524e-10
N9: จากการทดสอบ Paired t-test พบว่า
N10: ค่าเฉลี่ยระดับความปวดก่อนและหลังการใช้งานไม่แตกต่างกันอย่างมีนัยสำคัญทางสถิติ
N11: (t = 0.42, p = 0.68)
N12: แสดงว่า ระบบไม่ส่งผลต่อการลดระดับความปวดของผู้ใช้งาน
N17: จากการทดสอบ Paired t-test พบว่า
N18: ค่าเฉลี่ยการรับรู้ท่าทางก่อนและหลังการใช้งานแตกต่างกันอย่างมีนัยสำคัญทางสถิติ
N19: (t = -7.94, p < 0.001)
N20: แสดงว่า ระบบสามารถช่วยเพิ่มการรับรู้เกี่ยวกับท่าทางของผู้ใช้งานได้อย่างมีนัยสำคัญ
N26: ถ้า p < 0.05 → มีนัยสำคัญทางสถิติ
N27: ถ้า p ≥ 0.05 → ไม่มีนัยสำคัญทางสถิติ

Sheet pre-post
A1: ID | B1: Pain_Pre | C1: Pain_Post | D1: Awareness_Pre | E1: Awareness_Post
A2: 1 | B2: =IF(raw_result!B2="ปวดเล็กน้อย",1, IF(raw_result!B2="ปวดปานกลาง",2, IF(raw_result!B2="ปวดมาก",3))) -> 2 | C2: =IF(raw_result!C2="ไม่รู้ตัวเลย",1, IF(raw_result!C2="รู้ตัวบ้างเป็นบางครั้ง",2, IF(raw_result!C2="รู้ตัวได้ทันทีเมื่อเริ่มนั่งผิดท่า",3))) -> 2 | D2: =IF(raw_result!D2="ดีขึ้น (ปวดน้อยลง รู้สึกสบายตัวขึ้น)",1, IF(raw_result!D2="เท่าเดิม / เฉยๆ (ไม่เห็นความเปลี่ยนแปลง)",2, IF(raw_result!D2="แย่ลง (ปวดมากขึ้นกว่าเดิม)",3))) -> 2 | E2: =IF(raw_result!E2="ไม่รู้ตัวเหมือนเดิม",1, IF(raw_result!E2="รู้ตัวบ้างเป็นบางครั้ง",2, IF(raw_result!E2="รู้ตัวได้ทันทีเมื่อเริ่มนั่งผิดท่า",3))) -> 3
A3: 2 | B3: =IF(raw_result!B3="ปวดเล็กน้อย",1, IF(raw_result!B3="ปวดปานกลาง",2, IF(raw_result!B3="ปวดมาก",3))) -> 2 | C3: =IF(raw_result!C3="ไม่รู้ตัวเลย",1, IF(raw_result!C3="รู้ตัวบ้างเป็นบางครั้ง",2, IF(raw_result!C3="รู้ตัวได้ทันทีเมื่อเริ่มนั่งผิดท่า",3))) -> 1 | D3: =IF(raw_result!D3="ดีขึ้น (ปวดน้อยลง รู้สึกสบายตัวขึ้น)",1, IF(raw_result!D3="เท่าเดิม / เฉยๆ (ไม่เห็นความเปลี่ยนแปลง)",2, IF(raw_result!D3="แย่ลง (ปวดมากขึ้นกว่าเดิม)",3))) -> 1 | E3: =IF(raw_result!E3="ไม่รู้ตัวเหมือนเดิม",1, IF(raw_result!E3="รู้ตัวบ้างเป็นบางครั้ง",2, IF(raw_result!E3="รู้ตัวได้ทันทีเมื่อเริ่มนั่งผิดท่า",3))) -> 3
A4: 3 | B4: =IF(raw_result!B4="ปวดเล็กน้อย",1, IF(raw_result!B4="ปวดปานกลาง",2, IF(raw_result!B4="ปวดมาก",3))) -> 3 | C4: =IF(raw_result!C4="ไม่รู้ตัวเลย",1, IF(raw_result!C4="รู้ตัวบ้างเป็นบางครั้ง",2, IF(raw_result!C4="รู้ตัวได้ทันทีเมื่อเริ่มนั่งผิดท่า",3))) -> 2 | D4: =IF(raw_result!D4="ดีขึ้น (ปวดน้อยลง รู้สึกสบายตัวขึ้น)",1, IF(raw_result!D4="เท่าเดิม / เฉยๆ (ไม่เห็นความเปลี่ยนแปลง)",2, IF(raw_result!D4="แย่ลง (ปวดมากขึ้นกว่าเดิม)",3))) -> 2 | E4: =IF(raw_result!E4="ไม่รู้ตัวเหมือนเดิม",1, IF(raw_result!E4="รู้ตัวบ้างเป็นบางครั้ง",2, IF(raw_result!E4="รู้ตัวได้ทันทีเมื่อเริ่มนั่งผิดท่า",3))) -> 3
A5: 4 | B5: =IF(raw_result!B5="ปวดเล็กน้อย",1, IF(raw_result!B5="ปวดปานกลาง",2, IF(raw_result!B5="ปวดมาก",3))) -> 1 | C5: =IF(raw_result!C5="ไม่รู้ตัวเลย",1, IF(raw_result!C5="รู้ตัวบ้างเป็นบางครั้ง",2, IF(raw_result!C5="รู้ตัวได้ทันทีเมื่อเริ่มนั่งผิดท่า",3))) -> 1 | D5: =IF(raw_result!D5="ดีขึ้น (ปวดน้อยลง รู้สึกสบายตัวขึ้น)",1, IF(raw_result!D5="เท่าเดิม / เฉยๆ (ไม่เห็นความเปลี่ยนแปลง)",2, IF(raw_result!D5="แย่ลง (ปวดมากขึ้นกว่าเดิม)",3))) -> 1 | E5: =IF(raw_result!E5="ไม่รู้ตัวเหมือนเดิม",1, IF(raw_result!E5="รู้ตัวบ้างเป็นบางครั้ง",2, IF(raw_result!E5="รู้ตัวได้ทันทีเมื่อเริ่มนั่งผิดท่า",3))) -> 3
A6: 5 | B6: =IF(raw_result!B6="ปวดเล็กน้อย",1, IF(raw_result!B6="ปวดปานกลาง",2, IF(raw_result!B6="ปวดมาก",3))) -> 1 | C6: =IF(raw_result!C6="ไม่รู้ตัวเลย",1, IF(raw_result!C6="รู้ตัวบ้างเป็นบางครั้ง",2, IF(raw_result!C6="รู้ตัวได้ทันทีเมื่อเริ่มนั่งผิดท่า",3))) -> 2 | D6: =IF(raw_result!D6="ดีขึ้น (ปวดน้อยลง รู้สึกสบายตัวขึ้น)",1, IF(raw_result!D6="เท่าเดิม / เฉยๆ (ไม่เห็นความเปลี่ยนแปลง)",2, IF(raw_result!D6="แย่ลง (ปวดมากขึ้นกว่าเดิม)",3))) -> 1 | E6: =IF(raw_result!E6="ไม่รู้ตัวเหมือนเดิม",1, IF(raw_result!E6="รู้ตัวบ้างเป็นบางครั้ง",2, IF(raw_result!E6="รู้ตัวได้ทันทีเมื่อเริ่มนั่งผิดท่า",3))) -> 3
A7: 6 | B7: =IF(raw_result!B7="ปวดเล็กน้อย",1, IF(raw_result!B7="ปวดปานกลาง",2, IF(raw_result!B7="ปวดมาก",3))) -> 1 | C7: =IF(raw_result!C7="ไม่รู้ตัวเลย",1, IF(raw_result!C7="รู้ตัวบ้างเป็นบางครั้ง",2, IF(raw_result!C7="รู้ตัวได้ทันทีเมื่อเริ่มนั่งผิดท่า",3))) -> 2 | D7: =IF(raw_result!D7="ดีขึ้น (ปวดน้อยลง รู้สึกสบายตัวขึ้น)",1, IF(raw_result!D7="เท่าเดิม / เฉยๆ (ไม่เห็นความเปลี่ยนแปลง)",2, IF(raw_result!D7="แย่ลง (ปวดมากขึ้นกว่าเดิม)",3))) -> 1 | E7: =IF(raw_result!E7="ไม่รู้ตัวเหมือนเดิม",1, IF(raw_result!E7="รู้ตัวบ้างเป็นบางครั้ง",2, IF(raw_result!E7="รู้ตัวได้ทันทีเมื่อเริ่มนั่งผิดท่า",3))) -> 2
A8: 7 | B8: =IF(raw_result!B8="ปวดเล็กน้อย",1, IF(raw_result!B8="ปวดปานกลาง",2, IF(raw_result!B8="ปวดมาก",3))) -> 2 | C8: =IF(raw_result!C8="ไม่รู้ตัวเลย",1, IF(raw_result!C8="รู้ตัวบ้างเป็นบางครั้ง",2, IF(raw_result!C8="รู้ตัวได้ทันทีเมื่อเริ่มนั่งผิดท่า",3))) -> 1 | D8: =IF(raw_result!D8="ดีขึ้น (ปวดน้อยลง รู้สึกสบายตัวขึ้น)",1, IF(raw_result!D8="เท่าเดิม / เฉยๆ (ไม่เห็นความเปลี่ยนแปลง)",2, IF(raw_result!D8="แย่ลง (ปวดมากขึ้นกว่าเดิม)",3))) -> 1 | E8: =IF(raw_result!E8="ไม่รู้ตัวเหมือนเดิม",1, IF(raw_result!E8="รู้ตัวบ้างเป็นบางครั้ง",2, IF(raw_result!E8="รู้ตัวได้ทันทีเมื่อเริ่มนั่งผิดท่า",3))) -> 3
A9: 8 | B9: =IF(raw_result!B9="ปวดเล็กน้อย",1, IF(raw_result!B9="ปวดปานกลาง",2, IF(raw_result!B9="ปวดมาก",3))) -> 1 | C9: =IF(raw_result!C9="ไม่รู้ตัวเลย",1, IF(raw_result!C9="รู้ตัวบ้างเป็นบางครั้ง",2, IF(raw_result!C9="รู้ตัวได้ทันทีเมื่อเริ่มนั่งผิดท่า",3))) -> 1 | D9: =IF(raw_result!D9="ดีขึ้น (ปวดน้อยลง รู้สึกสบายตัวขึ้น)",1, IF(raw_result!D9="เท่าเดิม / เฉยๆ (ไม่เห็นความเปลี่ยนแปลง)",2, IF(raw_result!D9="แย่ลง (ปวดมากขึ้นกว่าเดิม)",3))) -> 2 | E9: =IF(raw_result!E9="ไม่รู้ตัวเหมือนเดิม",1, IF(raw_result!E9="รู้ตัวบ้างเป็นบางครั้ง",2, IF(raw_result!E9="รู้ตัวได้ทันทีเมื่อเริ่มนั่งผิดท่า",3))) -> 3
A10: 9 | B10: =IF(raw_result!B10="ปวดเล็กน้อย",1, IF(raw_result!B10="ปวดปานกลาง",2, IF(raw_result!B10="ปวดมาก",3))) -> 2 | C10: =IF(raw_result!C10="ไม่รู้ตัวเลย",1, IF(raw_result!C10="รู้ตัวบ้างเป็นบางครั้ง",2, IF(raw_result!C10="รู้ตัวได้ทันทีเมื่อเริ่มนั่งผิดท่า",3))) -> 3 | D10: =IF(raw_result!D10="ดีขึ้น (ปวดน้อยลง รู้สึกสบายตัวขึ้น)",1, IF(raw_result!D10="เท่าเดิม / เฉยๆ (ไม่เห็นความเปลี่ยนแปลง)",2, IF(raw_result!D10="แย่ลง (ปวดมากขึ้นกว่าเดิม)",3))) -> 1 | E10: =IF(raw_result!E10="ไม่รู้ตัวเหมือนเดิม",1, IF(raw_result!E10="รู้ตัวบ้างเป็นบางครั้ง",2, IF(raw_result!E10="รู้ตัวได้ทันทีเมื่อเริ่มนั่งผิดท่า",3))) -> 3
A11: 10 | B11: =IF(raw_result!B11="ปวดเล็กน้อย",1, IF(raw_result!B11="ปวดปานกลาง",2, IF(raw_result!B11="ปวดมาก",3))) -> 2 | C11: =IF(raw_result!C11="ไม่รู้ตัวเลย",1, IF(raw_result!C11="รู้ตัวบ้างเป็นบางครั้ง",2, IF(raw_result!C11="รู้ตัวได้ทันทีเมื่อเริ่มนั่งผิดท่า",3))) -> 2 | D11: =IF(raw_result!D11="ดีขึ้น (ปวดน้อยลง รู้สึกสบายตัวขึ้น)",1, IF(raw_result!D11="เท่าเดิม / เฉยๆ (ไม่เห็นความเปลี่ยนแปลง)",2, IF(raw_result!D11="แย่ลง (ปวดมากขึ้นกว่าเดิม)",3))) -> 1 | E11: =IF(raw_result!E11="ไม่รู้ตัวเหมือนเดิม",1, IF(raw_result!E11="รู้ตัวบ้างเป็นบางครั้ง",2, IF(raw_result!E11="รู้ตัวได้ทันทีเมื่อเริ่มนั่งผิดท่า",3))) -> 3
A12: 11 | B12: =IF(raw_result!B12="ปวดเล็กน้อย",1, IF(raw_result!B12="ปวดปานกลาง",2, IF(raw_result!B12="ปวดมาก",3))) -> 3 | C12: =IF(raw_result!C12="ไม่รู้ตัวเลย",1, IF(raw_result!C12="รู้ตัวบ้างเป็นบางครั้ง",2, IF(raw_result!C12="รู้ตัวได้ทันทีเมื่อเริ่มนั่งผิดท่า",3))) -> 2 | D12: =IF(raw_result!D12="ดีขึ้น (ปวดน้อยลง รู้สึกสบายตัวขึ้น)",1, IF(raw_result!D12="เท่าเดิม / เฉยๆ (ไม่เห็นความเปลี่ยนแปลง)",2, IF(raw_result!D12="แย่ลง (ปวดมากขึ้นกว่าเดิม)",3))) -> 1 | E12: =IF(raw_result!E12="ไม่รู้ตัวเหมือนเดิม",1, IF(raw_result!E12="รู้ตัวบ้างเป็นบางครั้ง",2, IF(raw_result!E12="รู้ตัวได้ทันทีเมื่อเริ่มนั่งผิดท่า",3))) -> 3
A13: 12 | B13: =IF(raw_result!B13="ปวดเล็กน้อย",1, IF(raw_result!B13="ปวดปานกลาง",2, IF(raw_result!B13="ปวดมาก",3))) -> 2 | C13: =IF(raw_result!C13="ไม่รู้ตัวเลย",1, IF(raw_result!C13="รู้ตัวบ้างเป็นบางครั้ง",2, IF(raw_result!C13="รู้ตัวได้ทันทีเมื่อเริ่มนั่งผิดท่า",3))) -> 1 | D13: =IF(raw_result!D13="ดีขึ้น (ปวดน้อยลง รู้สึกสบายตัวขึ้น)",1, IF(raw_result!D13="เท่าเดิม / เฉยๆ (ไม่เห็นความเปลี่ยนแปลง)",2, IF(raw_result!D13="แย่ลง (ปวดมากขึ้นกว่าเดิม)",3))) -> 1 | E13: =IF(raw_result!E13="ไม่รู้ตัวเหมือนเดิม",1, IF(raw_result!E13="รู้ตัวบ้างเป็นบางครั้ง",2, IF(raw_result!E13="รู้ตัวได้ทันทีเมื่อเริ่มนั่งผิดท่า",3))) -> 2
... A31: 30 | B31: =IF(raw_result!B31="ปวดเล็กน้อย",1, IF(raw_result!B31="ปวดปานกลาง",2, IF(raw_result!B31="ปวดมาก",3))) -> FALSE | C31: =IF(raw_result!C31="ไม่รู้ตัวเลย",1, IF(raw_result!C31="รู้ตัวบ้างเป็นบางครั้ง",2, IF(raw_result!C31="รู้ตัวได้ทันทีเมื่อเริ่มนั่งผิดท่า",3))) -> FALSE | D31: =IF(raw_result!D31="ดีขึ้น (ปวดน้อยลง รู้สึกสบายตัวขึ้น)",1, IF(raw_result!D31="เท่าเดิม / เฉยๆ (ไม่เห็นความเปลี่ยนแปลง)",2, IF(raw_result!D31="แย่ลง (ปวดมากขึ้นกว่าเดิม)",3))) -> FALSE | E31: =IF(raw_result!E31="ไม่รู้ตัวเหมือนเดิม",1, IF(raw_result!E31="รู้ตัวบ้างเป็นบางครั้ง",2, IF(raw_result!E31="รู้ตัวได้ทันทีเมื่อเริ่มนั่งผิดท่า",3))) -> FALSE
